<mvc:View
	id="homeView"
	controllerName="ns.integration_card_component.Home"
	xmlns="sap.m"
	xmlns:mvc="sap.ui.core.mvc">
	<Page title="Suppliers" class="sapUiResponsiveContentPadding">
		<content>
			<Table 
				id="homePageTable"
				items="{
					path: '/'
				}"
			>
				<infoToolbar>
					<OverflowToolbar>
						<Label text="List of available suppliers" />
					</OverflowToolbar>
				</infoToolbar>
				<columns>
					<Column
						width="4em">
						<Text text="First Name" />
					</Column>
					<Column
						width="4em">
						<Text text="Last Name" />
					</Column>
					<Column
						width="4em">
						<Text text="Phone Number" />
					</Column>
				</columns>
				<items>
					<ColumnListItem 
						type="Active" 
						vAlign="Middle"
						press="toSupplierDetail"
					>
						<cells>
							<Text
								text="{FirstName}" />
							<Text
								text="{LastName}" />
							<Text
								text="{PhoneNumber}" />
						</cells>
					</ColumnListItem>
				</items>
			</Table>
		</content>
	</Page>
</mvc:View>